"manufacturer","model","2008_cty_mpg","2008_hwy_mpg","1999_cty_mpg","1999_hwy_mpg","hwy_change"
"audi","a4",19.6666666666667,29.3333333333333,18.25,27.5,1.83333333333333
"audi","a4 quattro",17.75,26.25,16.5,25.25,1
"toyota","camry solara",20.3333333333333,29.6666666666667,19.5,27,2.66666666666667
"toyota","corolla",27,36,24.6666666666667,32.6666666666667,3.33333333333334
"volkswagen","gti",21.5,29,19,26.3333333333333,2.66666666666667
"volkswagen","jetta",21.25,29,21.2,29.2,-0.199999999999999
